Part,Cost,Link,Quantity,Reference Num
M6 Coupling Nuts x4,25.16,https://amazon.com
"Zinc-Plated Steel Coupling Nut
Low Strength, 3/8""-16 Thread Size, 1-1/8"" Long",16.5,https://mcmaster.com
M4 10mm Coupling Nuts,6.89,https://amazon.com
"Assortment of Screws : 
Mcmaster - 
M6 50mm socket head cap 
M6 30mm socket head cap
M6 20mm socket head cap

Aliexpress -
M5 30mm socket head cap
M5 20mm socket head cap
M5 10mm socket head cap

M4 15mm socket head cap

M3 20mm socket head cap
M3 15mm socket head cap
M3 10mm socket head cap
M3 8mm socket head cap

m5 30mm roundhead aliexpress",75.87,"https://aliexpress.us
https://aliexpress.us 
https://mcmaster.com
https://mcmaster.com
https://mcmaster.com",1 of each,4
M3 T Nuts,4.99,https://amazon.com
Threaded rods 400mm,14.93,https://homedepot.com,"1 2ft 
1 6ft",6
Limit Switches,10.99,https://amazon.com
Nema17 Stepper Motor KIT + CNC Shield V3 Engraving Machine + A4988 Driver + 42 Stepper Motor Nema17 17Hs4401S With Wire,53.51,https://aliexpress.us
24V DC power supply,6.07,https://amazon.com
G-penny 800W 110V spindle + VFD + pump + clamp,288,https://gpennymachine.com
Random bag of quick set concrete,6.27,https://lowes.com
"MGN12H rail and carriage 500mm
400mm",132.58,https://aliexpress.us of each,12
"SFU 1204 ball screw

500mm
400mm",131.06,"https://amazon.com
https://amazon.com","2 500mm 
1 400mm",13
"SFU 1204 ball screw w/ HGR 20CA rail and carriage
200mm",54.99,https://amazon.com
"2020 Extruded Aluminum:
400mm
500mm
560mm",105.28,https://aliexpress.us,"1 400mm
2 500mm
2 560mm",15
Frame rails and y axis brace,242.2,https://jlccnc.com frame rails 1 axis brace,16
MDF spoilboard,4.82,https://homedepot.com
Aluminum parts,"242.2
(later machined )",https://midweststeelsupply.com,"3

1 of 15x5.5

2 of 12.5x4",18
Relay,9.99,https://pibot.com
Total,1185.08,,,,
